group,status,lca_node,member_count,extra_nodes,missing_nodes,subgroups,extra_count,missing_count,polytomy_details
F0001,monophyletic,internal_15,3,,,,0,0,
F0002,monophyletic,internal_16,4,,,,0,0,
F0003,monophyletic,internal_10,2,,,,0,0,
F0004,polyphyletic,internal_18,15,t2409|t3482|t3693|t600,,"0:LCA=internal_20,members=t1266,t2570,t2658,t3534,t3592,t4092,t648; 1:LCA=internal_20,members=t1182,t171,t1730,t2505,t2539,t3494,t3505,t768",4,0,
F0005,monophyletic,internal_12,6,,,,0,0,
F0007,monophyletic,internal_14,14,,,,0,0,
F0008,monophyletic,internal_13,5,,,,0,0,
F0009,monophyletic,internal_10,3,,,,0,0,
F0010,polyphyletic,internal_16,10,t1052|t1320|t2242|t2400|t2624|t2896,,"0:LCA=internal_18,members=t1128,t1535,t2105,t367,t3946,t3962,t644,t649; 1:LCA=internal_18,members=t2336,t3443",6,0,
F0011,monophyletic,internal_9,4,,,,0,0,
F0013,monophyletic,internal_15,14,,,,0,0,
F0014,monophyletic,internal_8,9,,,,0,0,
F0015,monophyletic,t3828,1,,,,0,0,
F0016,polyphyletic,internal_13,4,t1664|t185|t199|t2358|t2498|t2811|t2840|t3024|t3498|t3551|t3851|t513|t697|t835,,"0:LCA=internal_15,members=t2372,t2573,t3444; 1:LCA=t1872,members=t1872",14,0,
F0017,monophyletic,internal_9,13,,,,0,0,
F0019,monophyletic,internal_15,13,,,,0,0,
F0020,monophyletic,internal_17,4,,,,0,0,
F0021,monophyletic,t2514,1,,,,0,0,
F0022,polyphyletic,internal_14,6,t1221|t138|t1528|t1756|t1914|t2152|t2444|t2451|t2775|t337|t3389|t3448|t3603|t3840|t3990|t740,,"0:LCA=t2420,members=t2420; 1:LCA=internal_16,members=t1233,t1725,t3506,t431,t876",16,0,
F0023,monophyletic,internal_17,13,,,,0,0,
F0025,monophyletic,internal_11,8,,,,0,0,
F0026,monophyletic,internal_12,2,,,,0,0,
F0027,monophyletic,t2212,1,,,,0,0,
F0028,polyphyletic,internal_9,6,t109|t1378|t2130|t2141|t2165|t2832|t3120|t3313|t3411|t3881|t516|t641|t846,,"0:LCA=internal_11,members=t1951,t948; 1:LCA=internal_11,members=t1196,t1472,t1837,t2278",13,0,
F0029,monophyletic,internal_14,11,,,,0,0,
F0031,monophyletic,internal_12,8,,,,0,0,
F0032,monophyletic,internal_12,4,,,,0,0,
F0033,monophyletic,t333,1,,,,0,0,
F0034,polyphyletic,internal_9,7,t1204|t1339|t175|t2069|t2214|t2785|t3457|t36|t3690,,"0:LCA=internal_11,members=t2527,t752; 1:LCA=internal_11,members=t1657,t1751,t3640,t3866,t810",9,0,
F0035,monophyletic,internal_19,11,,,,0,0,
F0037,monophyletic,internal_15,6,,,,0,0,
F0038,monophyletic,internal_19,6,,,,0,0,
F0039,monophyletic,internal_18,2,,,,0,0,
F0040,polyphyletic,internal_10,19,t3142|t3264|t3399,,"0:LCA=internal_12,members=t1059,t1174,t161,t1630,t1830,t2572,t3528,t3896,t4070,t451,t80; 1:LCA=internal_12,members=t1130,t156,t2412,t2764,t282,t314,t369,t630",3,0,
F0041,monophyletic,internal_18,6,,,,0,0,
F0043,monophyletic,internal_10,15,,,,0,0,
F0044,monophyletic,internal_8,2,,,,0,0,
F0045,monophyletic,t2759,1,,,,0,0,
F0046,polyphyletic,internal_10,8,t1101|t1113|t1349|t1449|t1715|t1781|t2132|t2287|t3015|t3143|t3672|t637,,"0:LCA=internal_12,members=t1360,t261,t3248,t364; 1:LCA=internal_12,members=t1078,t1841,t2838,t3072",12,0,
F0047,monophyletic,internal_19,7,,,,0,0,
F0049,monophyletic,internal_11,15,,,,0,0,
F0050,monophyletic,t2174,1,,,,0,0,
F0051,monophyletic,internal_21,3,,,,0,0,
F0052,polyphyletic,internal_15,8,t1242|t13|t1431|t181|t3287|t3409|t813|t877,,"0:LCA=internal_17,members=t1069,t1673,t1875,t2023,t2356,t3599; 1:LCA=internal_17,members=t196,t2040",8,0,
F0053,monophyletic,internal_12,9,,,,0,0,
F0055,monophyletic,internal_12,11,,,,0,0,
F0056,monophyletic,internal_16,3,,,,0,0,
F0057,monophyletic,t4074,1,,,,0,0,
F0058,polyphyletic,internal_17,9,t1202|t1759|t29|t3524|t3858|t85|t969,,"0:LCA=internal_19,members=t1705,t296,t3479,t475; 1:LCA=internal_19,members=t1232,t1838,t3022,t3339,t3671",7,0,
F0059,monophyletic,internal_7,13,,,,0,0,
F0061,monophyletic,internal_14,9,,,,0,0,
F0062,monophyletic,internal_12,6,,,,0,0,
F0063,monophyletic,internal_16,4,,,,0,0,
F0064,polyphyletic,internal_9,4,t1121|t133|t1451|t1520|t1763|t2474|t2558|t3048|t3054|t3465|t3628|t3634|t4000|t609|t692|t72|t870,,"0:LCA=internal_11,members=t1201,t3665; 1:LCA=internal_11,members=t2124,t2742",17,0,
F0065,monophyletic,internal_11,14,,,,0,0,
F0067,monophyletic,internal_14,3,,,,0,0,
F0068,monophyletic,internal_10,2,,,,0,0,
F0069,monophyletic,internal_20,2,,,,0,0,
F0070,polyphyletic,internal_5,6,t1236|t2495|t2586|t2726|t2922|t2966|t3515|t3920|t4020|t4080,,"0:LCA=internal_7,members=t1932,t2031,t2734,t465,t468; 1:LCA=t1899,members=t1899",10,0,
F0071,monophyletic,internal_15,5,,,,0,0,
F0073,monophyletic,internal_16,15,,,,0,0,
F0074,monophyletic,internal_18,2,,,,0,0,
F0075,monophyletic,internal_18,3,,,,0,0,
F0076,polyphyletic,internal_11,9,t1647|t1850|t1878|t2017|t2568|t3582|t3783|t560|t712,,"0:LCA=internal_13,members=t1550,t168,t2567,t269,t3467,t3926; 1:LCA=internal_13,members=t1019,t2449,t3607",9,0,
F0077,monophyletic,internal_15,7,,,,0,0,
F0079,monophyletic,internal_14,9,,,,0,0,
F0080,monophyletic,t3915,1,,,,0,0,
F0081,monophyletic,t3348,1,,,,0,0,
F0082,polyphyletic,internal_10,6,t113|t1211|t1483|t2172|t2288|t3149|t3789|t3922|t462|t666,,"0:LCA=t2233,members=t2233; 1:LCA=internal_12,members=t1525,t3969,t405,t594,t830",10,0,
F0083,monophyletic,internal_23,11,,,,0,0,
F0085,monophyletic,internal_14,5,,,,0,0,
F0086,monophyletic,internal_16,4,,,,0,0,
F0087,monophyletic,t3711,1,,,,0,0,
F0088,polyphyletic,internal_9,6,t1264|t1524|t1540|t1604|t3435|t3692|t3755|t4054|t421|t573,,"0:LCA=internal_11,members=t3117,t385,t3941; 1:LCA=internal_11,members=t2238,t2814,t825",10,0,
F0089,monophyletic,internal_16,12,,,,0,0,
F0091,monophyletic,internal_18,9,,,,0,0,
F0092,monophyletic,t4055,1,,,,0,0,
F0093,monophyletic,t2108,1,,,,0,0,
F0094,polyphyletic,internal_9,16,t1286|t1652|t1997|t213|t2259|t2951|t3300|t3393|t3924|t732,,"0:LCA=internal_11,members=t2102,t2206,t3137,t3307,t3368,t3508,t3722,t435,t663; 1:LCA=internal_11,members=t1270,t1511,t1621,t2399,t2713,t3136,t3455",10,0,
F0095,monophyletic,internal_11,4,,,,0,0,
F0097,monophyletic,internal_18,9,,,,0,0,
F0098,monophyletic,t1952,1,,,,0,0,
F0099,monophyletic,internal_14,4,,,,0,0,
F0100,polyphyletic,internal_10,11,t1070|t1815|t1980|t2007|t2537|t2952|t3128|t3178|t4064,,"0:LCA=internal_12,members=t1840,t2471,t2690,t31,t3559,t3614,t3846; 1:LCA=internal_12,members=t2147,t2257,t2456,t945",9,0,
F0101,monophyletic,internal_14,11,,,,0,0,
F0103,monophyletic,internal_13,9,,,,0,0,
F0104,monophyletic,internal_21,2,,,,0,0,
F0105,monophyletic,internal_20,2,,,,0,0,
F0106,polyphyletic,internal_11,2,t1038|t1181|t1275|t1457|t1491|t1988|t2169|t2300|t2804|t2963|t3097|t3283|t4003|t453|t815|t824|t93,,"0:LCA=t3703,members=t3703; 1:LCA=t3648,members=t3648",17,0,
F0107,monophyletic,internal_15,11,,,,0,0,
F0109,monophyletic,internal_11,15,,,,0,0,
F0110,monophyletic,internal_18,8,,,,0,0,
F0111,monophyletic,internal_26,3,,,,0,0,
F0112,polyphyletic,internal_19,7,t1246|t1321|t1712|t1780|t2111|t3163|t3194|t3206|t3340|t3499|t3661|t448|t477,,"0:LCA=internal_21,members=t1676,t2010; 1:LCA=internal_21,members=t1060,t1737,t3863,t4030,t993",13,0,
F0113,monophyletic,internal_18,8,,,,0,0,
F0115,monophyletic,internal_15,9,,,,0,0,
F0116,monophyletic,internal_14,9,,,,0,0,
F0117,monophyletic,internal_11,3,,,,0,0,
F0118,polyphyletic,internal_9,10,t1288|t1379|t1406|t2371|t242|t2587|t2631|t3055|t3305|t339|t3944|t591,,"0:LCA=internal_11,members=t1617,t1800,t1896,t2728,t2909,t3170,t3286,t376; 1:LCA=internal_11,members=t3887,t639",12,0,
F0119,monophyletic,internal_14,9,,,,0,0,
F0121,monophyletic,internal_14,12,,,,0,0,
F0122,monophyletic,t49,1,,,,0,0,
F0123,monophyletic,t1056,1,,,,0,0,
F0124,polyphyletic,internal_17,9,t1149|t1998|t2047|t2053|t2240|t2487|t3164|t335|t340|t3751|t3912|t582|t620,,"0:LCA=internal_19,members=t1080,t3360,t3735; 1:LCA=internal_19,members=t1208,t1867,t1958,t2286,t481,t6",13,0,
F0125,monophyletic,internal_19,13,,,,0,0,
F0127,monophyletic,internal_13,13,,,,0,0,
F0128,monophyletic,internal_12,3,,,,0,0,
F0129,monophyletic,internal_18,3,,,,0,0,
F0130,polyphyletic,internal_15,8,t1299|t1301|t1501|t1658|t1925|t2559|t3919|t749,,"0:LCA=t1142,members=t1142; 1:LCA=internal_17,members=t1487,t154,t2508,t252,t2718,t3197,t3859",8,0,
F0131,monophyletic,internal_11,13,,,,0,0,
F_bg,polyphyletic,internal_0,1584,t100|t1000|t1001|t1002|t1003|t1004|t1005|t1006|t1007|t1011|t1012|t1015|t1017|t1018|t1019|t102|t1022|t1024|t1025|t1026|t1029|t1032|t1034|t1035|t1036|t1037|t1038|t1039|t104|t1041|t1043|t1045|t1048|t1049|t1050|t1052|t1056|t1057|t1058|t1059|t106|t1060|t1061|t1063|t1064|t1065|t1067|t1068|t1069|t107|t1070|t1071|t1073|t1074|t1075|t1077|t1078|t1080|t1082|t1083|t1085|t1086|t1087|t1088|t109|t1090|t1091|t1093|t1095|t1096|t1097|t1099|t11|t1101|t1102|t1103|t1105|t1106|t1107|t1108|t1109|t111|t1113|t1114|t1115|t1116|t1118|t1119|t112|t1121|t1122|t1123|t1125|t1128|t113|t1130|t1131|t1132|t1133|t1134|t1137|t1139|t114|t1140|t1142|t1145|t1146|t1147|t1149|t1151|t1154|t1155|t1157|t116|t1162|t1163|t1165|t1166|t1167|t1168|t1169|t1171|t1172|t1173|t1174|t1176|t1177|t1178|t1179|t118|t1180|t1181|t1182|t1184|t1185|t1186|t1188|t1189|t119|t1193|t1194|t1196|t1197|t1198|t1200|t1201|t1202|t1203|t1204|t1205|t1206|t1207|t1208|t1209|t121|t1210|t1211|t1213|t1214|t1216|t1217|t1218|t122|t1221|t1222|t1223|t1224|t1225|t1226|t1232|t1233|t1234|t1235|t1236|t1237|t1239|t124|t1240|t1242|t1243|t1245|t1246|t1247|t1249|t125|t1250|t1253|t1254|t1255|t1256|t1259|t126|t1261|t1262|t1264|t1266|t1267|t1268|t1270|t1271|t1272|t1273|t1275|t1276|t1277|t1278|t128|t1281|t1282|t1283|t1284|t1286|t1287|t1288|t129|t1291|t1294|t1297|t1298|t1299|t13|t130|t1301|t1302|t1303|t1305|t1307|t1308|t1309|t131|t1310|t1311|t1313|t1314|t1315|t1318|t1320|t1321|t1322|t1323|t1324|t1327|t1328|t1329|t133|t1331|t1333|t1334|t1335|t1338|t1339|t1340|t1341|t1342|t1343|t1345|t1347|t1348|t1349|t1351|t1352|t1353|t1354|t1356|t1358|t1359|t136|t1360|t1364|t1366|t1367|t1368|t1369|t137|t1370|t1373|t1374|t1375|t1376|t1378|t1379|t138|t1381|t139|t1390|t1392|t1394|t1397|t1398|t14|t140|t1400|t1403|t1404|t1406|t1407|t1409|t1410|t1412|t1413|t1414|t1415|t1416|t1417|t1422|t1424|t1428|t1429|t1430|t1431|t1432|t1434|t1436|t1437|t1438|t1439|t144|t1440|t1441|t1442|t1443|t1444|t1445|t1446|t1447|t1449|t145|t1450|t1451|t1452|t1453|t1456|t1457|t1459|t1463|t1466|t1467|t1469|t147|t1472|t1474|t1479|t148|t1480|t1481|t1482|t1483|t1485|t1487|t1488|t1489|t149|t1491|t1492|t1495|t1496|t1497|t15|t1500|t1501|t1502|t1503|t1504|t1506|t1507|t1508|t1509|t1510|t1511|t1512|t1514|t1517|t1518|t1519|t152|t1520|t1522|t1524|t1525|t1527|t1528|t153|t1531|t1532|t1533|t1534|t1535|t1536|t1537|t1539|t154|t1540|t1542|t1545|t1546|t1547|t1549|t1550|t1554|t1556|t1557|t1558|t156|t1561|t1563|t1564|t1566|t1567|t1570|t1574|t1575|t1576|t1578|t158|t1580|t1581|t1582|t1585|t1587|t1589|t1590|t1591|t1592|t1593|t1594|t1595|t1596|t160|t1600|t1601|t1602|t1604|t1605|t1609|t161|t1611|t1612|t1614|t1616|t1617|t1619|t1621|t1623|t1624|t1626|t1630|t1631|t1632|t1633|t1634|t1635|t1636|t1637|t1638|t1639|t1640|t1641|t1644|t1646|t1647|t1648|t1649|t165|t1650|t1651|t1652|t1654|t1656|t1657|t1658|t1659|t166|t1660|t1661|t1662|t1663|t1664|t1667|t1668|t1669|t1670|t1671|t1673|t1674|t1676|t1677|t168|t1680|t1686|t1687|t1689|t169|t1690|t1691|t1694|t1695|t1697|t1699|t17|t1700|t1701|t1703|t1705|t1706|t171|t1710|t1711|t1712|t1713|t1714|t1715|t1716|t1717|t1718|t1720|t1721|t1723|t1724|t1725|t1727|t1730|t1731|t1732|t1733|t1736|t1737|t1738|t1739|t174|t1741|t1742|t1743|t1744|t1746|t1747|t1749|t175|t1751|t1752|t1753|t1754|t1755|t1756|t1757|t1759|t1762|t1763|t1766|t1767|t1768|t1769|t177|t1770|t1771|t1773|t1774|t1776|t1777|t1780|t1781|t1786|t1787|t1788|t1790|t1794|t1799|t18|t180|t1800|t1801|t1802|t1804|t1805|t1806|t1807|t1809|t181|t1810|t1812|t1813|t1815|t1817|t1819|t1821|t1823|t1828|t1829|t1830|t1832|t1834|t1836|t1837|t1838|t1840|t1841|t1842|t1843|t1844|t1845|t1846|t1848|t185|t1850|t1851|t1855|t1856|t1858|t1860|t1861|t1863|t1865|t1867|t1868|t187|t1870|t1872|t1873|t1874|t1875|t1877|t1878|t1879|t188|t1880|t1887|t1888|t1889|t189|t1890|t1893|t1895|t1896|t1897|t1898|t1899|t190|t1901|t1903|t1904|t1905|t1906|t1909|t1910|t1912|t1914|t1916|t1917|t1920|t1921|t1924|t1925|t1926|t1928|t1929|t193|t1930|t1932|t1934|t1935|t1938|t194|t1940|t1941|t1942|t1943|t1944|t1945|t1947|t1949|t1950|t1951|t1952|t1954|t1955|t1956|t1958|t1959|t196|t1961|t1963|t1965|t197|t1970|t1972|t1973|t1975|t1977|t1979|t198|t1980|t1981|t1982|t1983|t1984|t1985|t1986|t1987|t1988|t1989|t199|t1990|t1991|t1992|t1994|t1995|t1997|t1998|t20|t200|t2000|t2003|t2004|t2005|t2006|t2007|t2008|t201|t2010|t2011|t2012|t2017|t2018|t202|t2020|t2021|t2022|t2023|t2025|t203|t2031|t2032|t2034|t2035|t2036|t2039|t204|t2040|t2041|t2043|t2045|t2047|t2049|t2050|t2051|t2052|t2053|t2056|t2058|t2059|t2060|t2061|t2062|t2066|t2068|t2069|t2071|t2072|t2073|t2074|t2075|t2078|t2079|t2080|t2081|t2084|t2086|t2088|t209|t2090|t2094|t2097|t2098|t21|t2102|t2103|t2105|t2106|t2108|t2109|t211|t2110|t2111|t2119|t212|t2120|t2124|t2125|t2127|t2128|t213|t2130|t2131|t2132|t2134|t2135|t2137|t214|t2140|t2141|t2142|t2143|t2147|t2149|t215|t2152|t2153|t2154|t2156|t2157|t216|t2161|t2162|t2163|t2164|t2165|t2167|t2169|t2172|t2174|t2175|t2176|t2177|t2178|t2181|t2182|t2184|t2188|t219|t2190|t2191|t2193|t2194|t2195|t2197|t2198|t2199|t220|t2200|t2201|t2204|t2205|t2206|t2207|t2208|t2209|t2210|t2212|t2214|t2215|t2218|t2219|t2220|t2221|t2222|t2224|t2225|t2226|t2227|t2228|t2229|t223|t2231|t2232|t2233|t2234|t2235|t2237|t2238|t224|t2240|t2242|t2245|t2246|t2248|t2249|t225|t2250|t2251|t2252|t2253|t2256|t2257|t2258|t2259|t2260|t2261|t2262|t2263|t2264|t2265|t2266|t2269|t227|t2271|t2273|t2274|t2275|t2276|t2278|t228|t2286|t2287|t2288|t2289|t2292|t2293|t2295|t2297|t230|t2300|t2301|t2302|t2303|t2305|t2307|t2308|t231|t2310|t2311|t2313|t2314|t2315|t2316|t2318|t2319|t232|t2321|t2322|t2324|t2327|t233|t2330|t2332|t2333|t2334|t2336|t2338|t2339|t234|t2340|t2344|t2346|t2347|t2348|t2349|t235|t2350|t2351|t2352|t2354|t2355|t2356|t2357|t2358|t2359|t2362|t2363|t2364|t2366|t2367|t2368|t237|t2370|t2371|t2372|t2374|t2375|t2377|t2379|t2380|t2381|t2383|t2384|t2385|t2387|t2388|t2389|t2391|t2392|t2394|t2395|t2396|t2397|t2398|t2399|t2400|t2401|t2403|t2404|t2407|t2408|t2409|t241|t2410|t2412|t2415|t2417|t2419|t242|t2420|t2422|t2424|t2425|t2428|t243|t2430|t2431|t2432|t2433|t2435|t2437|t2438|t2439|t244|t2443|t2444|t2448|t2449|t2451|t2454|t2456|t2457|t2459|t2461|t2465|t2466|t247|t2471|t2472|t2473|t2474|t2477|t2478|t248|t2480|t2484|t2487|t2488|t2490|t2493|t2494|t2495|t2497|t2498|t2499|t2500|t2501|t2504|t2505|t2507|t2508|t2509|t2514|t2515|t2516|t2517|t2519|t252|t2522|t2525|t2527|t2528|t2529|t253|t2530|t2531|t2532|t2533|t2534|t2535|t2536|t2537|t2538|t2539|t2540|t2541|t2542|t2543|t2544|t2547|t2548|t2549|t255|t2550|t2551|t2556|t2558|t2559|t256|t2561|t2562|t2563|t2564|t2566|t2567|t2568|t2569|t257|t2570|t2571|t2572|t2573|t2574|t2576|t2577|t2579|t2580|t2581|t2582|t2583|t2584|t2585|t2586|t2587|t2588|t2589|t259|t2592|t2593|t2594|t2596|t2599|t26|t2600|t2601|t2603|t2606|t261|t2610|t2613|t2615|t2616|t2619|t2620|t2621|t2622|t2623|t2624|t2626|t2627|t2628|t2629|t263|t2630|t2631|t2632|t2634|t2636|t2638|t2641|t2643|t2645|t2646|t2647|t2649|t2650|t2651|t2652|t2654|t2655|t2657|t2658|t266|t2660|t2662|t2664|t2666|t2668|t267|t2672|t2673|t2676|t2679|t2681|t2683|t2684|t2686|t2689|t269|t2690|t2691|t2692|t2693|t2694|t2698|t2701|t2702|t2704|t2705|t2707|t2711|t2713|t2714|t2715|t2718|t2720|t2724|t2726|t2727|t2728|t273|t2733|t2734|t2735|t2736|t2738|t2739|t2740|t2741|t2742|t2745|t2746|t2747|t2748|t275|t2750|t2752|t2753|t2756|t2758|t2759|t276|t2762|t2763|t2764|t2765|t2767|t2768|t2769|t277|t2770|t2773|t2774|t2775|t2778|t278|t2780|t2782|t2784|t2785|t2786|t2790|t2792|t2793|t2795|t2799|t28|t280|t2802|t2803|t2804|t2805|t2807|t281|t2810|t2811|t2812|t2813|t2814|t2815|t2816|t2818|t282|t2822|t2823|t2825|t2827|t2828|t2829|t2830|t2831|t2832|t2834|t2835|t2836|t2838|t2840|t2843|t2844|t2846|t2849|t285|t2850|t2852|t2853|t2855|t2856|t286|t2860|t2861|t2862|t2863|t2864|t2866|t2867|t2869|t2873|t2878|t288|t2881|t2886|t2888|t2889|t2890|t2891|t2892|t2893|t2894|t2895|t2896|t2899|t29|t2901|t2903|t2904|t2908|t2909|t291|t2910|t2911|t2913|t2914|t2915|t2916|t2917|t2919|t2922|t2923|t2925|t2926|t2929|t293|t2930|t2931|t2932|t2933|t294|t2941|t2942|t2944|t2945|t2947|t2948|t295|t2950|t2951|t2952|t2955|t2956|t2957|t2958|t296|t2960|t2963|t2966|t2969|t297|t2973|t2975|t2980|t2981|t2983|t2985|t2986|t2987|t2988|t299|t2990|t2992|t2993|t2995|t2996|t2998|t2999|t3|t300|t3001|t3003|t3004|t3007|t3008|t301|t3011|t3012|t3013|t3015|t3016|t3017|t302|t3021|t3022|t3024|t3025|t3026|t3028|t3029|t303|t3030|t3032|t3033|t3035|t3037|t3038|t304|t3040|t3041|t3042|t3043|t3044|t3045|t3046|t3048|t305|t3050|t3052|t3053|t3054|t3055|t3057|t3058|t3059|t306|t3060|t3062|t3065|t3067|t3068|t3071|t3072|t3074|t3075|t3076|t3077|t3078|t3079|t308|t3080|t3084|t3085|t3086|t3087|t3089|t309|t3090|t3092|t3093|t3095|t3097|t31|t3100|t3101|t3103|t3104|t3106|t3107|t3108|t3109|t311|t3110|t3111|t3112|t3113|t3115|t3116|t3117|t3118|t3119|t312|t3120|t3121|t3123|t3125|t3126|t3128|t313|t3132|t3133|t3134|t3136|t3137|t3138|t314|t3142|t3143|t3145|t3146|t3148|t3149|t315|t3153|t3155|t3159|t316|t3160|t3161|t3163|t3164|t3166|t3167|t317|t3170|t3171|t3172|t3174|t3175|t3176|t3178|t3179|t318|t3181|t3184|t3185|t3186|t3187|t3189|t319|t3190|t3191|t3192|t3193|t3194|t3196|t3197|t3198|t3199|t320|t3200|t3205|t3206|t3208|t321|t3210|t3213|t3214|t3215|t3216|t3217|t3218|t322|t3220|t3221|t3226|t3228|t3229|t323|t3230|t3231|t3232|t3234|t3235|t3236|t3239|t3240|t3243|t3244|t3247|t3248|t3250|t3251|t3253|t3255|t3256|t3258|t3262|t3264|t3265|t3271|t3273|t3274|t3276|t3279|t3283|t3284|t3286|t3287|t3289|t329|t3290|t3291|t3292|t3293|t3295|t3297|t3298|t3299|t330|t3300|t3301|t3302|t3305|t3306|t3307|t3309|t331|t3310|t3311|t3313|t3314|t3315|t3316|t3318|t332|t3320|t3321|t3323|t3325|t3327|t3328|t3329|t333|t3330|t3331|t3332|t3335|t3336|t3337|t3339|t334|t3340|t3345|t3348|t335|t3352|t3353|t3354|t3355|t3356|t3359|t3360|t3362|t3363|t3365|t3366|t3368|t337|t3371|t3372|t3373|t3376|t3377|t3378|t3379|t338|t3380|t3381|t3382|t3384|t3385|t3386|t3388|t3389|t339|t3391|t3392|t3393|t3395|t3397|t3398|t3399|t34|t340|t3402|t3404|t3405|t3406|t3407|t3409|t3410|t3411|t3412|t3414|t3415|t3416|t3417|t3419|t342|t3422|t3424|t3425|t3426|t3429|t343|t3432|t3433|t3435|t3437|t3439|t344|t3441|t3442|t3443|t3444|t3446|t3447|t3448|t3451|t3452|t3454|t3455|t3457|t3458|t3459|t3461|t3462|t3465|t3466|t3467|t3468|t347|t3470|t3472|t3474|t3477|t3478|t3479|t348|t3481|t3482|t3483|t3484|t3485|t3486|t3488|t349|t3491|t3492|t3493|t3494|t3495|t3497|t3498|t3499|t350|t3500|t3501|t3502|t3503|t3504|t3505|t3506|t3508|t3509|t351|t3510|t3511|t3512|t3513|t3514|t3515|t3517|t3518|t3519|t352|t3520|t3523|t3524|t3525|t3526|t3527|t3528|t3529|t3530|t3531|t3532|t3534|t3536|t3541|t3542|t3543|t3546|t3547|t3551|t3555|t3559|t356|t3561|t3562|t3564|t3565|t3566|t3571|t3572|t3573|t3574|t3576|t3578|t3579|t358|t3580|t3582|t3583|t3584|t3587|t3588|t3589|t359|t3590|t3591|t3592|t3596|t3597|t3598|t3599|t36|t360|t3600|t3601|t3602|t3603|t3604|t3607|t3608|t3609|t3611|t3613|t3614|t3617|t3621|t3622|t3623|t3624|t3627|t3628|t3629|t363|t3634|t3635|t3636|t3637|t3638|t3639|t364|t3640|t3641|t3642|t3645|t3646|t3648|t3649|t3651|t3653|t3654|t3655|t3656|t3658|t3659|t366|t3660|t3661|t3662|t3663|t3664|t3665|t3666|t3668|t3669|t367|t3670|t3671|t3672|t3673|t3675|t3679|t3680|t3681|t3683|t3686|t369|t3690|t3692|t3693|t3694|t3695|t3696|t3697|t3699|t370|t3703|t3704|t3706|t3707|t371|t3710|t3711|t3713|t3714|t3718|t3721|t3722|t3723|t3724|t3727|t373|t3735|t3738|t3739|t374|t3743|t3744|t3745|t3746|t3748|t3749|t375|t3750|t3751|t3752|t3753|t3754|t3755|t3757|t3758|t376|t3760|t3761|t3762|t3765|t3766|t3769|t3770|t3771|t3772|t3775|t3776|t3777|t3779|t378|t3780|t3781|t3783|t3784|t3785|t3787|t3789|t379|t3794|t3795|t3799|t38|t3800|t3801|t3803|t3804|t3806|t3807|t3808|t3809|t3810|t3813|t3814|t3816|t3817|t3818|t3822|t3823|t3824|t3825|t3827|t3828|t3829|t383|t3833|t3834|t3836|t3837|t3838|t3840|t3842|t3843|t3846|t3847|t3849|t385|t3850|t3851|t3852|t3858|t3859|t3861|t3863|t3866|t3868|t3869|t387|t3872|t3874|t3876|t3877|t3878|t3879|t3881|t3882|t3883|t3884|t3885|t3886|t3887|t389|t3890|t3891|t3893|t3896|t3897|t3899|t390|t3902|t3906|t3909|t3910|t3911|t3912|t3914|t3915|t3918|t3919|t3920|t3921|t3922|t3923|t3924|t3925|t3926|t3927|t3928|t3929|t393|t3931|t3932|t3934|t3935|t3936|t3937|t3940|t3941|t3942|t3944|t3946|t3947|t3948|t3953|t3954|t3955|t3956|t3957|t396|t3960|t3961|t3962|t3967|t3969|t3971|t3972|t3973|t3974|t3975|t3976|t3978|t398|t3983|t3985|t3986|t3989|t399|t3990|t3991|t3992|t3993|t3995|t3997|t3998|t3999|t4|t40|t400|t4000|t4001|t4003|t4005|t4007|t4008|t401|t4010|t4011|t4013|t4014|t4015|t4017|t4020|t4021|t4023|t4024|t4026|t4028|t4029|t403|t4030|t4035|t404|t4040|t4041|t4043|t4046|t4048|t4049|t405|t4050|t4053|t4054|t4055|t4058|t4059|t406|t4062|t4063|t4064|t407|t4070|t4071|t4074|t4076|t4078|t4080|t4081|t4082|t4084|t4086|t4088|t4089|t409|t4091|t4092|t4093|t4094|t41|t412|t413|t415|t417|t420|t421|t422|t425|t426|t427|t428|t429|t43|t431|t432|t433|t435|t436|t437|t438|t440|t442|t444|t445|t448|t45|t451|t452|t453|t454|t455|t457|t458|t460|t462|t464|t465|t466|t467|t468|t469|t470|t473|t475|t477|t478|t479|t48|t481|t483|t484|t485|t486|t488|t489|t49|t490|t491|t492|t493|t494|t497|t5|t501|t505|t506|t507|t508|t51|t510|t511|t513|t514|t515|t516|t518|t52|t520|t521|t526|t527|t529|t53|t530|t531|t532|t533|t535|t536|t537|t538|t539|t54|t540|t542|t545|t549|t554|t557|t56|t560|t562|t563|t566|t568|t569|t571|t572|t573|t575|t577|t578|t58|t580|t581|t582|t587|t588|t589|t59|t591|t592|t593|t594|t595|t596|t597|t598|t6|t600|t602|t603|t609|t610|t612|t613|t615|t617|t618|t619|t620|t622|t625|t626|t628|t629|t630|t631|t635|t637|t638|t639|t640|t641|t644|t645|t647|t648|t649|t65|t650|t651|t653|t656|t658|t660|t663|t666|t668|t670|t672|t674|t676|t677|t679|t68|t681|t682|t683|t685|t688|t689|t69|t690|t692|t693|t694|t695|t696|t697|t698|t699|t7|t700|t701|t704|t706|t707|t708|t712|t713|t715|t716|t717|t719|t72|t721|t723|t724|t726|t728|t731|t732|t736|t737|t74|t740|t741|t742|t746|t749|t75|t750|t751|t752|t754|t755|t756|t757|t759|t76|t760|t763|t764|t765|t766|t768|t77|t771|t772|t774|t776|t778|t78|t780|t781|t784|t785|t789|t790|t792|t793|t795|t797|t798|t799|t80|t800|t802|t806|t809|t81|t810|t813|t815|t818|t819|t82|t820|t821|t824|t825|t83|t830|t831|t832|t834|t835|t837|t838|t84|t840|t844|t846|t848|t849|t85|t852|t853|t855|t856|t858|t86|t860|t862|t863|t866|t867|t869|t87|t870|t871|t872|t873|t874|t875|t876|t877|t879|t885|t886|t887|t888|t89|t892|t894|t897|t898|t899|t90|t901|t904|t906|t907|t908|t909|t91|t911|t915|t918|t919|t92|t922|t923|t926|t928|t93|t930|t936|t938|t941|t943|t944|t945|t947|t948|t951|t953|t954|t955|t957|t958|t959|t96|t960|t961|t963|t965|t966|t969|t97|t971|t974|t975|t976|t977|t980|t981|t984|t985|t986|t988|t989|t992|t993|t996|t998|t999,,"0:LCA=internal_5,members=t1016,t1100,t3002,t3361,t3554,t3643,t461; 1:LCA=internal_6,members=t2416,t2640,t608; 2:LCA=t1362,members=t1362; 3:LCA=internal_9,members=t1871,t3667,t3894; 4:LCA=internal_10,members=t1795,t2123,t2255,t229,t2617,t2897,t2972,t3023,t3857,t3968,t744,t88; 5:LCA=internal_8,members=t1138,t1666,t2670,t3606,t727,t956; 6:LCA=internal_9,members=t292,t4039; 7:LCA=internal_6,members=t1175,t782; 8:LCA=internal_9,members=t1153,t2912,t3000,t3249,t3988; 9:LCA=internal_12,members=t1231,t1426,t1588,t1882,t2155,t2447,t2597,t2787; 10:LCA=internal_14,members=t1363,t1583,t1966,t2099,t2361,t2453,t2590,t27,t2709,t3263,t3632; 11:LCA=internal_13,members=t1143,t1642,t1957,t2118,t2959,t480,t857; 12:LCA=internal_11,members=t1248,t2042,t2158,t2373,t2469,t2731,t3792,t392,t3977; 13:LCA=internal_12,members=t1876,t2513; 14:LCA=internal_14,members=t2170,t476; 15:LCA=internal_16,members=t1110,t1190,t1729,t1884,t1974,t2743,t3338,t3620,t3701,t607,t661,t828,t900; 16:LCA=internal_17,members=t2463,t2605; 17:LCA=internal_15,members=t1028,t4060,t893; 18:LCA=internal_15,members=t120,t132,t2281; 19:LCA=t2854,members=t2854; 20:LCA=internal_16,members=t2290,t3183; 21:LCA=internal_13,members=t1258,t135,t3685,t3687,t4051,t803; 22:LCA=internal_15,members=t1040,t2809; 23:LCA=internal_14,members=t1919,t239,t2791,t3568,t738; 24:LCA=internal_12,members=t2725,t2961,t30,t3020,t3162,t3682,t574; 25:LCA=internal_12,members=t163,t2267,t2642,t2677,t3061,t3334,t3460,t408,t9; 26:LCA=internal_13,members=t1280,t1423,t1779,t3245,t3898; 27:LCA=internal_11,members=t1371,t1377,t1470,t1598,t1883,t1894,t2126,t2794,t3233,t3889; 28:LCA=internal_10,members=t2160,t2196,t2426,t2699,t2779,t3083,t3180,t3364,t3408,t362,t3841,t4038,t450,t512,t967; 29:LCA=internal_10,members=t1009,t1046,t1391,t1477,t271,t2783,t2938,t3595,t3819,t816,t987; 30:LCA=internal_9,members=t2512,t3207,t3209; 31:LCA=internal_8,members=t1159,t1289,t1962,t2402,t2841,t3165,t3344,t3870,t71; 32:LCA=internal_8,members=t0,t1104,t1494,t1854,t2145,t2217,t3267,t3759,t3994,t4022,t8,t884; 33:LCA=internal_12,members=t2872,t3802; 34:LCA=t33,members=t33; 35:LCA=internal_14,members=t1220,t1568,t2095,t2656,t3747; 36:LCA=internal_11,members=t1384,t2138,t217; 37:LCA=internal_10,members=t10,t2883,t783; 38:LCA=internal_11,members=t1679,t2635,t2900,t865; 39:LCA=internal_11,members=t1111,t1418,t1653,t173,t2087,t2421,t2851,t2885,t2984,t3082,t35,t368,t3945,t548; 40:LCA=internal_10,members=t155,t1772,t1782,t2434,t2789,t3064,t3105,t3152,t555,t79,t794; 41:LCA=internal_10,members=t143,t1538; 42:LCA=internal_8,members=t1150,t2320,t272,t786; 43:LCA=internal_4,members=t1317,t134,t3039,t3905; 44:LCA=internal_6,members=t1559,t1681,t1866,t2076,t2107,t2129,t2247,t994; 45:LCA=t1734,members=t1734; 46:LCA=internal_13,members=t127,t167,t394,t474,t50,t859; 47:LCA=internal_14,members=t1042,t24,t3862,t4065; 48:LCA=t471,members=t471; 49:LCA=t1852,members=t1852; 50:LCA=internal_9,members=t260,t3158,t3831,t446,t973; 51:LCA=internal_8,members=t1285,t1350,t1471,t1964,t2113,t2405,t2857,t3131,t328,t4004,t4044,t541,t70,t722; 52:LCA=internal_10,members=t1461,t1831,t2101,t298,t3098,t839; 53:LCA=internal_12,members=t1062,t1765,t1793,t1885,t2065,t2604,t2847,t3225,t341,t3550,t365,t3826,t3867,t411,t611; 54:LCA=internal_11,members=t1849,t3374; 55:LCA=internal_12,members=t1346,t1396,t146,t1620,t1796,t2077,t2116,t2203,t2325,t2526,t3522,t4016,t702,t703; 56:LCA=internal_14,members=t1081,t1183,t2187,t2483,t2609,t2612,t2833,t2871,t2962,t2971; 57:LCA=internal_13,members=t1579,t1960,t2192,t3537,t4068; 58:LCA=internal_11,members=t1160,t2239,t2306,t2552,t2565,t2732,t2806,t3096,t3140,t3678,t4037,t743,t890; 59:LCA=internal_9,members=t1577,t1584,t159,t3027,t3845; 60:LCA=internal_8,members=t2429,t3282,t991; 61:LCA=t3709,members=t3709; 62:LCA=internal_6,members=t1365,t2413,t2982,t3875,t895; 63:LCA=internal_7,members=t3548,t472; 64:LCA=internal_5,members=t2342,t787; 65:LCA=t1161,members=t1161; 66:LCA=internal_7,members=t1565,t1722,t2180,t2918,t2940,t2967,t3177,t3312; 67:LCA=internal_9,members=t1296,t3088,t386,t826,t912; 68:LCA=internal_8,members=t279,t3341; 69:LCA=internal_8,members=t179,t191,t2044,t2294,t2611,t2937,t3056,t880; 70:LCA=internal_9,members=t1847,t2491,t3949,t791; 71:LCA=internal_10,members=t162,t2166,t4009,t4072,t643; 72:LCA=internal_7,members=t172,t2976; 73:LCA=internal_7,members=t1027,t1148,t1156,t2139,t2462,t262,t2943,t3605,t3729,t3839,t3855,t495,t925,t978; 74:LCA=t3865,members=t3865; 75:LCA=t2082,members=t2082; 76:LCA=internal_9,members=t1645,t1993,t2,t3031,t3456,t3630,t3821; 77:LCA=internal_8,members=t3066,t4006,t720,t734; 78:LCA=internal_11,members=t1293,t195,t1953,t2054,t2510,t2700,t3195,t3434,t4069,t714,t905; 79:LCA=internal_10,members=t1529,t1811,t1911,t265,t747; 80:LCA=internal_9,members=t1675,t2026,t949; 81:LCA=t326,members=t326; 82:LCA=internal_15,members=t3428,t3963; 83:LCA=t2696,members=t2696; 84:LCA=t2524,members=t2524; 85:LCA=internal_15,members=t1112,t1120,t123,t151,t2122,t2934,t3631,t3715,t57,t933; 86:LCA=internal_16,members=t1859,t2455,t3009,t3130,t659; 87:LCA=internal_17,members=t105,t1597,t238,t2766,t2921,t3069,t3469,t4025,t684,t739; 88:LCA=t801,members=t801; 89:LCA=internal_14,members=t1047,t2070,t2653,t3005,t3049,t3296,t3558,t3563,t3657,t3767,t551,t553; 90:LCA=internal_15,members=t2030,t221,t3453; 91:LCA=internal_16,members=t1051,t1141,t1227,t1448,t2554,t3212,t3308,t558,t576,t64,t66,t686,t775,t845; 92:LCA=internal_17,members=t1013,t1603,t2055,t2280,t2291,t2312,t2598,t268,t290,t3154,t3730,t47,t623,t902,t914; 93:LCA=internal_17,members=t2029,t2243,t3490,t3987,t718; 94:LCA=internal_18,members=t1458,t1606,t2016,t2183,t2277,t245,t251,t3357,t3647,t3773,t3904,t3996,t995; 95:LCA=internal_18,members=t2591,t3204; 96:LCA=internal_17,members=t108,t1455,t1937,t2092,t2687,t2703,t3346,t3677,t3736,t3793,t811,t99; 97:LCA=internal_19,members=t1033,t2014,t226,t2309,t2716,t2761,t3124,t395,t3970,t439,t604,t729; 98:LCA=internal_21,members=t2496,t3943; 99:LCA=internal_23,members=t1230,t274; 100:LCA=internal_22,members=t1372,t3369,t3702,t372,t4057,t827,t970; 101:LCA=internal_20,members=t1902,t3984; 102:LCA=internal_19,members=t1251,t1401,t25,t2905,t3270,t3396,t3593,t3725,t3908,t4045,t972; 103:LCA=internal_17,members=t1089,t1228,t1332,t1629,t1792,t1908,t2365,t2618,t2928,t3577,t3812,t3903,t517; 104:LCA=internal_16,members=t3237,t673; 105:LCA=internal_16,members=t1076,t1312,t1783,t1881,t2038,t2411,t2506,t3014,t307,t3156,t3569,t3733,t3737,t3756; 106:LCA=internal_16,members=t1393,t1505,t1665,t1996,t3370,t931,t95; 107:LCA=t3449,members=t3449; 108:LCA=internal_15,members=t1778,t19,t2083,t2144,t310,t324,t3324,t3480,t3689,t3835,t4073,t419,t556,t605; 109:LCA=internal_18,members=t2880,t841; 110:LCA=internal_17,members=t1357,t157,t1627,t1968,t2117,t2341,t3099,t3390,t3430,t3487,t3552,t380,t4056,t667; 111:LCA=internal_16,members=t1586,t2760; 112:LCA=internal_18,members=t1199,t1435,t1465,t1553,t16,t2406,t3403,t3768; 113:LCA=internal_20,members=t1054,t1719,t1931,t2067,t3463,t614; 114:LCA=internal_21,members=t1797,t2091,t2335,t2842,t2968,t3257,t3400,t997; 115:LCA=internal_22,members=t1355,t1643; 116:LCA=internal_18,members=t1215,t1486,t1745,t1760,t2965,t3880,t675,t896,t952; 117:LCA=internal_17,members=t2719,t2946,t3019; 118:LCA=internal_18,members=t1136,t1425,t1562,t1748,t3047,t325,t3281,t3895,t878; 119:LCA=internal_15,members=t1824,t3224,t3549,t3691,t3698,t748,t814,t864; 120:LCA=internal_15,members=t117,t1599; 121:LCA=internal_16,members=t2757,t4018,t4027; 122:LCA=internal_18,members=t2697,t2781,t2817,t2887,t3006,t528,t842; 123:LCA=internal_17,members=t1825,t2114,t2353,t2450,t410,t761,t946; 124:LCA=internal_14,members=t1473,t2298,t2445,t249,t2751,t3440,t3700,t606,t98; 125:LCA=t1490,members=t1490; 126:LCA=t2523,members=t2523; 127:LCA=internal_14,members=t1555,t2821; 128:LCA=internal_13,members=t3252,t3844; 129:LCA=internal_15,members=t1462,t164,t1835,t1939,t2013,t2085,t3545,t3811,t546,t624,t94; 130:LCA=internal_15,members=t1098,t1279,t1688,t2236,t2270,t2285,t2360,t2680,t3010,t3421,t357,t391,t55,t883; 131:LCA=internal_13,members=t1740,t1808,t2186,t2602,t2865,t3127,t3401,t3717,t397,t46; 132:LCA=t3269,members=t3269; 133:LCA=internal_14,members=t1387,t176,t2337,t3633,t687; 134:LCA=t2502,members=t2502; 135:LCA=internal_12,members=t1306,t1541,t1775,t2345,t2595,t3560,t3966,t402,t733,t745,t861; 136:LCA=internal_15,members=t1319,t1420,t1816,t1820,t205,t2223,t2608,t3285,t3475,t3533,t3892,t543; 137:LCA=internal_16,members=t101,t1427,t1454,t730; 138:LCA=internal_17,members=t1411,t2390,t2722,t2997,t3343,t37; 139:LCA=internal_18,members=t2685,t3394; 140:LCA=internal_19,members=t1170,t2378,t2669,t2737,t2970; 141:LCA=internal_15,members=t1468,t1682,t2282,t2326,t434,t441,t950; 142:LCA=internal_18,members=t1260,t1493,t1822,t2104,t2578,t3871; 143:LCA=internal_17,members=t1922,t2089,t430; 144:LCA=internal_13,members=t1187,t2150,t2369,t2575,t3294,t336,t3367,t3832,t3853,t3916,t42,t561,t709,t725,t851; 145:LCA=internal_10,members=t1892,t2614,t3261,t3575,t4087,t559,t979; 146:LCA=internal_14,members=t1530,t3778; 147:LCA=internal_13,members=t1023,t1304,t1758,t2230,t2939,t3094,t3610,t61; 148:LCA=internal_11,members=t1,t1124,t1127,t2546,t2772,t2845,t3351,t384,t416,t487,t616,t657; 149:LCA=internal_10,members=t1117,t1857,t1967,t2329,t2482,t3626,t3652,t3708,t3901,t3982; 150:LCA=internal_10,members=t1238,t150,t1516,t1900,t382,t779; 151:LCA=internal_10,members=t1164,t2671,t2882,t4036,t4079,t913; 152:LCA=internal_10,members=t2476,t3782; 153:LCA=internal_10,members=t2877,t3219,t447,t570; 154:LCA=internal_10,members=t1014,t1195,t1380,t210,t2663,t2797,t2820,t283,t3139,t3254,t3471,t3644,t3740,t534; 155:LCA=internal_11,members=t2521,t3763; 156:LCA=internal_13,members=t2063,t22,t2279,t2555,t3387,t3820,t423; 157:LCA=internal_13,members=t1144,t1316,t1476,t1571,t1572,t2202,t3304,t3856,t4042,t691,t769; 158:LCA=internal_13,members=t1918,t264,t2876,t3223,t3303,t777,t932; 159:LCA=internal_13,members=t2954,t939; 160:LCA=internal_16,members=t1548,t2452,t2949,t3036,t817; 161:LCA=internal_17,members=t3375,t3418,t822; 162:LCA=internal_15,members=t1021,t1395,t1607,t2024,t2284,t3322,t3350,t646; 163:LCA=internal_14,members=t1728,t2331; 164:LCA=internal_15,members=t1152,t1292,t2121,t2644,t3278,t456,t843; 165:LCA=t3684,members=t3684; 166:LCA=internal_17,members=t1839,t2112,t2216,t3259,t3544,t762; 167:LCA=internal_15,members=t1761,t3616,t3854,t921; 168:LCA=internal_18,members=t115,t1513,t1923,t1946,t2168,t2464,t3705,t3930,t459,t652,t804; 169:LCA=internal_17,members=t110,t1257,t1383,t2317,t3091,t3496,t3535,t3676,t547,t788,t808; 170:LCA=internal_16,members=t103,t2678,t2708,t388; 171:LCA=internal_13,members=t1269,t1696,t1862,t2386,t2481,t2503,t2665,t2924,t3114,t3358,t3732,t3959,t710,t937; 172:LCA=internal_11,members=t2037,t2800,t2859,t60,t796; 173:LCA=internal_12,members=t1008,t1290,t1615,t1692,t182,t2171,t2254,t2717,t3619,t3965,t654,t735,t753,t916,t920; 174:LCA=internal_13,members=t2019,t2272; 175:LCA=internal_15,members=t1704,t1927,t3427; 176:LCA=internal_12,members=t2485,t3741,t4012,t583; 177:LCA=internal_15,members=t1978,t2304,t2953,t2994,t3151,t3268,t3383,t3731,t3952,t671,t910; 178:LCA=internal_16,members=t1094,t1484,t2801,t2879,t2927,t3539,t3830,t3873,t3979,t4083,t982; 179:LCA=internal_15,members=t1252,t141,t1735,t186,t2902,t2989,t355,t4066,t636,t758; 180:LCA=internal_14,members=t1610,t250,t3917,t443,t881; 181:LCA=internal_11,members=t1072,t1325,t183,t246,t3150,t3333,t3815,t463; 182:LCA=t1498,members=t1498; 183:LCA=internal_9,members=t1241,t1526,t240,t2489,t258,t3169,t3241,t3317,t361,t502,t662,t678,t935; 184:LCA=internal_11,members=t1084,t1421,t1853,t2418,t2936,t3266,t3413,t3570,t39,t418,t767,t850,t854,t942; 185:LCA=internal_11,members=t586,t962; 186:LCA=internal_9,members=t2244,t3211,t4047; 187:LCA=internal_5,members=t1053,t1135,t1460,t2046,t2159,t3173,t3742,t3938,t3980,t4067,t705,t924; 188:LCA=t2486,members=t2486; 189:LCA=internal_9,members=t1386,t142,t2146,t2442,t2744,t2884,t3051,t3277,t3438,t3473,t3764,t3951,t519; 190:LCA=internal_10,members=t1066,t1708,t2015,t2296,t2458,t2667,t2977,t32,t3260,t3650,t500,t73,t770,t833; 191:LCA=internal_12,members=t1402,t1569,t178,t184,t2179,t2436,t2974,t3796; 192:LCA=internal_12,members=t1030,t3319,t3860,t4019,t4085; 193:LCA=internal_14,members=t2027,t207,t2115,t2427,t3272,t3586,t3674,t4002,t552,t599,t642,t773,t964; 194:LCA=internal_15,members=t1191,t2100,t2211,t2414,t3288,t4031,t525,t550,t63,t669; 195:LCA=internal_17,members=t2096,t236,t2557,t4061; 196:LCA=internal_16,members=t1300,t2033; 197:LCA=internal_15,members=t1551,t2710,t524; 198:LCA=internal_9,members=t2721,t2868,t3347,t3436,t3489,t353,t3720,t3798; 199:LCA=internal_14,members=t1079,t1361,t1915,t206,t2299,t23,t3034,t3445,t377,t3907,t823,t927; 200:LCA=internal_15,members=t1126,t1385,t1625,t1685,t2475,t2479,t2808,t3122,t3222,t424,t805; 201:LCA=internal_14,members=t1129,t1326,t1330,t1913,t1999,t2148,t2185,t254,t2682,t3556,t381,t449,t496; 202:LCA=internal_16,members=t2518,t2633,t3933; 203:LCA=internal_15,members=t1560,t2674,t3791; 204:LCA=internal_12,members=t1785,t1826,t208,t2639,t2675,t2796,t2819,t345,t3450; 205:LCA=internal_11,members=t1020,t1337,t1388,t1523,t2009,t2328,t2343,t2637,t2729,t3070,t836,t847,t882,t940; 206:LCA=t1698,members=t1698; 207:LCA=internal_12,members=t222,t2382,t4052; 208:LCA=t3102,members=t3102; 209:LCA=internal_17,members=t1382,t1784,t1971,t2133,t2189,t2625,t2920,t2978,t523,t655; 210:LCA=t3280,members=t3280; 211:LCA=t3182,members=t3182; 212:LCA=internal_14,members=t1678,t2545,t287,t289,t3275,t3728,t665; 213:LCA=internal_13,members=t218,t2470,t2754,t3144,t3188,t3423,t3712,t503,t889,t903,t983; 214:LCA=internal_9,members=t1263,t1344,t2093,t2151,t2659,t2706,t3521,t4075,t544,t579,t584,t812,t968; 215:LCA=internal_11,members=t1408,t1608,t1613,t1707,t1948,t2824,t3141,t3202,t3476,t3964; 216:LCA=internal_11,members=t1010,t12,t1389,t1399,t1789,t1798,t2553,t2875,t3326,t3431,t3615,t590,t632; 217:LCA=internal_13,members=t1092,t1265,t1274,t1419,t1475,t1521,t2048,t2870,t4034,t621; 218:LCA=internal_12,members=t1543,t1936,t2241,t2511,t2749,t3168,t3238,t414,t633; 219:LCA=internal_9,members=t1055,t1244,t1478,t1693,t3567; 220:LCA=internal_14,members=t1573,t1814,t2393; 221:LCA=internal_13,members=t1295,t1933,t2001,t2520,t2858,t3538,t3625,t3958,t482; 222:LCA=internal_13,members=t1709,t67; 223:LCA=internal_15,members=t1229,t1433,t170,t1827,t1886,t2028,t2057,t2446,t3420,t3585,t3726,t3981,t522,t585; 224:LCA=internal_17,members=t1515,t1672,t1684,t2777,t3464,t3939,t601; 225:LCA=internal_11,members=t2848,t3888,t4032,t567,t634; 226:LCA=internal_12,members=t1212,t2755; 227:LCA=internal_13,members=t284,t504; 228:LCA=internal_6,members=t1219,t1791,t1833,t2213,t2468,t3719; 229:LCA=internal_5,members=t1044,t1618,t1726,t1750,t1764,t1864,t2688,t3203,t3227,t327,t3594,t3900,t44,t711; 230:LCA=t2648,members=t2648; 231:LCA=internal_9,members=t1192,t1976,t2695,t2776,t3135,t3157; 232:LCA=internal_8,members=t1464,t1628,t2173,t2376,t2712,t2898,t3018,t3349,t3516,t3553,t3612,t3864,t3950; 233:LCA=internal_6,members=t1683,t1702,t192,t2064,t2283,t2440,t2661,t2837,t2907,t2991,t3774,t3913,t4077,t564; 234:LCA=internal_5,members=t1803,t2441,t2788,t3507,t3688,t565,t829; 235:LCA=internal_8,members=t1622,t2423,t2723,t2906,t3063,t3073,t3716,t3790,t3848,t62,t929; 236:LCA=internal_10,members=t1552,t1655,t1818,t2607,t2874,t3147,t3242,t346,t3540,t3734,t807; 237:LCA=internal_11,members=t1336,t1544,t1891,t2002,t2460,t2492,t2560,t270,t3201,t354,t3557,t3788,t4090,t4095; 238:LCA=internal_10,members=t1869,t2136,t2323,t2730,t2935,t3129; 239:LCA=internal_8,members=t3081,t3342; 240:LCA=internal_9,members=t1031,t1158,t1969,t2467,t2771,t2798,t2826,t2839,t2979,t3618,t3805,t627,t680,t990; 241:LCA=internal_7,members=t1405,t2268,t3246,t4033,t498,t509,t891,t917,t934; 242:LCA=internal_5,members=t1499,t1907,t2964,t3581,t3786,t3797,t499,t664,t868",2512,0,
G0001,monophyletic,internal_15,15,,,,0,0,
G0002,paraphyletic,internal_14,12,t1171|t1517|t2235|t838,,,4,0,
G0003,paraphyletic,internal_7,23,t3330|t619,,,2,0,
G0004,polyphyletic,internal_18,4,t1182|t1266|t171|t1730|t2505|t2539|t2570|t2658|t3494|t3505|t3534|t3592|t4092|t648|t768,,"0:LCA=internal_20,members=t3482,t3693; 1:LCA=internal_20,members=t2409,t600",15,0,
G0005,incomplete_sampling,internal_12,12,,phantom_5_a|phantom_5_b,,0,2,
G0006,data_insufficient,internal_10,9,t1198|t1762|t2256|t2263|t2799|t3371|t3744|t3906|t871,,,9,0,
G0007,monophyletic,internal_14,3,,,,0,0,
G0008,paraphyletic,internal_11,13,t100|t2410|t3381|t3754|t628,,,5,0,
G0009,paraphyletic,internal_7,14,t2066|t3345|t400,,,3,0,
G0010,polyphyletic,internal_16,6,t1128|t1535|t2105|t2336|t3443|t367|t3946|t3962|t644|t649,,"0:LCA=internal_18,members=t1052,t2400,t2624,t2896; 1:LCA=internal_18,members=t1320,t2242",10,0,
G0011,incomplete_sampling,internal_9,17,,phantom_11_a|phantom_11_b,,0,2,
G0012,data_insufficient,internal_15,17,t1267|t1596|t1954|t3621|t4017|t422,,,6,0,
G0013,monophyletic,internal_15,14,,,,0,0,
G0014,paraphyletic,internal_6,13,t1352|t1359|t1639|t2022|t2541|t28|t2878|t3284|t3512,,,9,0,
G0015,paraphyletic,internal_14,15,t3828,,,1,0,
G0016,polyphyletic,internal_13,14,t1872|t2372|t2573|t3444,,"0:LCA=internal_15,members=t1664,t199,t2498,t2811,t3024,t3498,t835; 1:LCA=internal_15,members=t185,t2358,t2840,t3551,t3851,t513,t697",4,0,
G0017,incomplete_sampling,internal_9,7,,phantom_17_a|phantom_17_b,,0,2,
G0018,data_insufficient,internal_19,16,t1132|t389|t980,,,3,0,
G0019,monophyletic,internal_15,7,,,,0,0,
G0020,paraphyletic,internal_15,15,t1168|t2873|t3035|t888,,,4,0,
G0021,paraphyletic,internal_7,17,t2514,,,1,0,
G0022,polyphyletic,internal_14,16,t1233|t1725|t2420|t3506|t431|t876,,"0:LCA=internal_16,members=t1221,t1528,t1756,t1914,t2152,t2451,t337,t3389,t3448,t3603,t3990; 1:LCA=internal_16,members=t138,t2444,t2775,t3840,t740",6,0,
G0023,incomplete_sampling,internal_17,5,,phantom_23_a|phantom_23_b,,0,2,
G0024,data_insufficient,internal_14,15,t1910|t2500,,,2,0,
G0025,monophyletic,internal_11,14,,,,0,0,
G0026,paraphyletic,internal_10,18,t2307|t521,,,2,0,
G0027,paraphyletic,internal_10,15,t2212,,,1,0,
G0028,polyphyletic,internal_9,13,t1196|t1472|t1837|t1951|t2278|t948,,"0:LCA=internal_11,members=t109,t1378,t2130,t2141,t2165,t2832,t3120,t3313,t3881,t516,t641; 1:LCA=internal_11,members=t3411,t846",6,0,
G0029,incomplete_sampling,internal_14,12,,phantom_29_a|phantom_29_b,,0,2,
G0030,data_insufficient,internal_15,13,t1082|t2049|t231|t2550|t2849|t3491|t4088,,,7,0,
G0031,monophyletic,internal_12,11,,,,0,0,
G0032,paraphyletic,internal_10,21,t1436|t2289|t3008|t3213,,,4,0,
G0033,paraphyletic,internal_16,15,t333,,,1,0,
G0034,polyphyletic,internal_9,9,t1657|t1751|t2527|t3640|t3866|t752|t810,,"0:LCA=internal_11,members=t1204,t175,t2785,t36; 1:LCA=internal_11,members=t1339,t2069,t2214,t3457,t3690",7,0,
G0035,incomplete_sampling,internal_19,12,,phantom_35_a|phantom_35_b,,0,2,
G0036,data_insufficient,internal_17,12,t1495|t2998|t3100|t3215|t3696|t3869|t3991|t452|t86,,,9,0,
G0037,monophyletic,internal_15,12,,,,0,0,
G0038,paraphyletic,internal_17,12,t1865|t2073|t2692|t2746|t781|t965,,,6,0,
G0039,paraphyletic,internal_15,14,t2275|t3184,,,2,0,
G0040,polyphyletic,internal_10,3,t1059|t1130|t1174|t156|t161|t1630|t1830|t2412|t2572|t2764|t282|t314|t3528|t369|t3896|t4070|t451|t630|t80,,"0:LCA=t3264,members=t3264; 1:LCA=internal_12,members=t3142,t3399",19,0,
G0041,incomplete_sampling,internal_18,12,,phantom_41_a|phantom_41_b,,0,2,
G0042,data_insufficient,internal_18,14,t1003|t1307|t2711|t3226|t626,,,5,0,
G0043,monophyletic,internal_10,3,,,,0,0,
G0044,paraphyletic,internal_6,14,t2188|t366,,,2,0,
G0045,paraphyletic,internal_13,17,t2759,,,1,0,
G0046,polyphyletic,internal_10,12,t1078|t1360|t1841|t261|t2838|t3072|t3248|t364,,"0:LCA=t2132,members=t2132; 1:LCA=internal_12,members=t1101,t1113,t1349,t1449,t1715,t1781,t2287,t3015,t3143,t3672,t637",8,0,
G0047,incomplete_sampling,internal_19,12,,phantom_47_a|phantom_47_b,,0,2,
G0048,data_insufficient,internal_4,12,t1085|t1536|t1557|t2207|t757|t943,,,6,0,
G0049,monophyletic,internal_11,10,,,,0,0,
G0050,paraphyletic,internal_16,15,t2174,,,1,0,
G0051,paraphyletic,internal_18,14,t2200|t2208|t338,,,3,0,
G0052,polyphyletic,internal_15,8,t1069|t1673|t1875|t196|t2023|t2040|t2356|t3599,,"0:LCA=t1431,members=t1431; 1:LCA=internal_17,members=t1242,t13,t181,t3287,t3409,t813,t877",8,0,
G0053,incomplete_sampling,internal_12,11,,phantom_53_a|phantom_53_b,,0,2,
G0054,data_insufficient,internal_15,13,t1580|t198|t303|t3492|t458|t629,,,6,0,
G0055,monophyletic,internal_12,9,,,,0,0,
G0056,paraphyletic,internal_14,15,t1710|t1714|t2004,,,3,0,
G0057,paraphyletic,internal_18,16,t4074,,,1,0,
G0058,polyphyletic,internal_17,7,t1232|t1705|t1838|t296|t3022|t3339|t3479|t3671|t475,,"0:LCA=internal_19,members=t1759,t29,t3524,t3858,t969; 1:LCA=internal_19,members=t1202,t85",9,0,
G0059,incomplete_sampling,internal_7,5,,phantom_59_a|phantom_59_b,,0,2,
G0060,data_insufficient,internal_9,17,t2793|t3485,,,2,0,
G0061,monophyletic,internal_14,9,,,,0,0,
G0062,paraphyletic,internal_10,22,t1041|t2457|t2980|t3106|t3765|t43,,,6,0,
G0063,paraphyletic,internal_13,15,t2596|t3077|t3686|t485,,,4,0,
G0064,polyphyletic,internal_9,17,t1201|t2124|t2742|t3665,,"0:LCA=internal_11,members=t1121,t1451,t1520,t1763,t2558,t4000,t609,t72,t870; 1:LCA=internal_11,members=t133,t2474,t3048,t3054,t3465,t3628,t3634,t692",4,0,
G0065,incomplete_sampling,internal_11,16,,phantom_65_a|phantom_65_b,,0,2,
G0066,data_insufficient,internal_11,11,t1268|t1381|t2264|t2533|t2603|t363|t3852|t750,,,8,0,
G0067,monophyletic,internal_14,15,,,,0,0,
G0068,paraphyletic,internal_8,20,t1438|t3461,,,2,0,
G0069,paraphyletic,internal_17,15,t2246|t3504,,,2,0,
G0070,polyphyletic,internal_5,10,t1899|t1932|t2031|t2734|t465|t468,,"0:LCA=internal_7,members=t1236,t2495,t2726,t2922,t2966,t3515,t4020,t4080; 1:LCA=internal_7,members=t2586,t3920",6,0,
G0071,incomplete_sampling,internal_15,13,,phantom_71_a|phantom_71_b,,0,2,
G0072,data_insufficient,internal_11,5,t1237|t1417|t1452|t2135|t2477|t2519|t266|t2752|t3617|t3825|t595,,,11,0,
G0073,monophyletic,internal_16,2,,,,0,0,
G0074,paraphyletic,internal_16,15,t1097|t2606,,,2,0,
G0075,paraphyletic,internal_15,19,t2184|t3302|t348,,,3,0,
G0076,polyphyletic,internal_11,9,t1019|t1550|t168|t2449|t2567|t269|t3467|t3607|t3926,,"0:LCA=internal_13,members=t1647,t1850,t560; 1:LCA=internal_13,members=t1878,t2017,t2568,t3582,t3783,t712",9,0,
G0077,incomplete_sampling,internal_15,11,,phantom_77_a|phantom_77_b,,0,2,
G0078,data_insufficient,internal_6,24,t2649,,,1,0,
G0079,monophyletic,internal_14,7,,,,0,0,
G0080,paraphyletic,internal_15,15,t3915,,,1,0,
G0081,paraphyletic,internal_15,18,t3348,,,1,0,
G0082,polyphyletic,internal_10,10,t1525|t2233|t3969|t405|t594|t830,,"0:LCA=internal_12,members=t113,t1483,t3149,t3789,t462; 1:LCA=internal_12,members=t1211,t2172,t2288,t3922,t666",6,0,
G0083,incomplete_sampling,internal_23,8,,phantom_83_a|phantom_83_b,,0,2,
G0084,data_insufficient,internal_18,17,t130|t1711|t225|t2443|t2574|t3007|t3597|t3659|t3884|t3954,,,10,0,
G0085,monophyletic,internal_14,13,,,,0,0,
G0086,paraphyletic,internal_14,20,t1095|t1832|t776|t858,,,4,0,
G0087,paraphyletic,internal_4,17,t3711,,,1,0,
G0088,polyphyletic,internal_9,10,t2238|t2814|t3117|t385|t3941|t825,,"0:LCA=t3435,members=t3435; 1:LCA=internal_11,members=t1264,t1524,t1540,t1604,t3692,t3755,t4054,t421,t573",6,0,
G0089,incomplete_sampling,internal_16,9,,phantom_89_a|phantom_89_b,,0,2,
G0090,data_insufficient,internal_17,11,t1512|t1732|t2647|t3004|t3354|t3380|t3624|t4023,,,8,0,
G0091,monophyletic,internal_18,8,,,,0,0,
G0092,paraphyletic,internal_13,17,t4055,,,1,0,
G0093,paraphyletic,internal_7,23,t2108,,,1,0,
G0094,polyphyletic,internal_9,10,t1270|t1511|t1621|t2102|t2206|t2399|t2713|t3136|t3137|t3307|t3368|t3455|t3508|t3722|t435|t663,,"0:LCA=internal_11,members=t1286,t2259,t3300,t3393; 1:LCA=internal_11,members=t1652,t1997,t213,t2951,t3924,t732",16,0,
G0095,incomplete_sampling,internal_11,16,,phantom_95_a|phantom_95_b,,0,2,
G0096,data_insufficient,internal_16,12,t1340|t2078|t2594|t3181|t3376|t723,,,6,0,
G0097,monophyletic,internal_18,8,,,,0,0,
G0098,paraphyletic,internal_11,18,t1952,,,1,0,
G0099,paraphyletic,internal_11,12,t1942|t2684|t3185|t501,,,4,0,
G0100,polyphyletic,internal_10,9,t1840|t2147|t2257|t2456|t2471|t2690|t31|t3559|t3614|t3846|t945,,"0:LCA=internal_12,members=t1070,t1980,t3128,t4064; 1:LCA=internal_12,members=t1815,t2007,t2537,t2952,t3178",11,0,
G0101,incomplete_sampling,internal_14,13,,phantom_101_a|phantom_101_b,,0,2,
G0102,data_insufficient,internal_15,10,t1087|t1561|t2379|t2417|t3059|t3189|t3816,,,7,0,
G0103,monophyletic,internal_13,7,,,,0,0,
G0104,paraphyletic,internal_19,17,t1077|t3668,,,2,0,
G0105,paraphyletic,internal_17,19,t177|t4078,,,2,0,
G0106,polyphyletic,internal_11,17,t3648|t3703,,"0:LCA=internal_13,members=t1038,t1181,t1275,t1457,t1491,t1988,t2169,t2300,t3283,t4003,t453,t815,t824,t93; 1:LCA=internal_13,members=t2804,t2963,t3097",2,0,
G0107,incomplete_sampling,internal_15,9,,phantom_107_a|phantom_107_b,,0,2,
G0108,data_insufficient,internal_15,14,t125|t1407|t2219,,,3,0,
G0109,monophyletic,internal_11,6,,,,0,0,
G0110,paraphyletic,internal_16,11,t1063|t2720|t2988|t3112|t323|t331|t3746|t672,,,8,0,
G0111,paraphyletic,internal_23,13,t2529|t3256|t3669,,,3,0,
G0112,polyphyletic,internal_19,13,t1060|t1676|t1737|t2010|t3863|t4030|t993,,"0:LCA=internal_21,members=t1246,t1321,t1712,t1780,t3163,t3194,t3206,t3340,t3499,t3661,t448,t477; 1:LCA=t2111,members=t2111",7,0,
G0113,incomplete_sampling,internal_18,17,,phantom_113_a|phantom_113_b,,0,2,
G0114,data_insufficient,internal_10,12,t139|t2068|t2693|t371|t4050,,,5,0,
G0115,monophyletic,internal_15,7,,,,0,0,
G0116,paraphyletic,internal_12,9,t1071|t1356|t1609|t1858|t2039|t215|t2856|t2869|t3337,,,9,0,
G0117,paraphyletic,internal_8,13,t1226|t2293|t4028,,,3,0,
G0118,polyphyletic,internal_9,12,t1617|t1800|t1896|t2728|t2909|t3170|t3286|t376|t3887|t639,,"0:LCA=internal_11,members=t1288,t2371,t2631,t3055,t3305,t339; 1:LCA=internal_11,members=t1379,t1406,t242,t2587,t3944,t591",10,0,
G0119,incomplete_sampling,internal_14,15,,phantom_119_a|phantom_119_b,,0,2,
G0120,data_insufficient,internal_5,13,t1626|t230|t2810|t3956|t603|t625,,,6,0,
G0121,monophyletic,internal_14,6,,,,0,0,
G0122,paraphyletic,internal_14,17,t49,,,1,0,
G0123,paraphyletic,internal_8,16,t1056,,,1,0,
G0124,polyphyletic,internal_17,13,t1080|t1208|t1867|t1958|t2286|t3360|t3735|t481|t6,,"0:LCA=internal_19,members=t1149,t1998,t2047,t2053,t2240,t2487,t3164,t335,t340,t3751,t3912,t620; 1:LCA=t582,members=t582",9,0,
G0125,incomplete_sampling,internal_19,10,,phantom_125_a|phantom_125_b,,0,2,
G0126,data_insufficient,internal_9,18,t1844|t2377|t3651|t3758|t3929,,,5,0,
G0127,monophyletic,internal_13,5,,,,0,0,
G0128,paraphyletic,internal_10,22,t2071|t432|t549,,,3,0,
G0129,paraphyletic,internal_15,15,t1531|t3145|t3807,,,3,0,
G0130,polyphyletic,internal_15,8,t1142|t1487|t154|t2508|t252|t2718|t3197|t3859,,"0:LCA=t1301,members=t1301; 1:LCA=internal_17,members=t1299,t1501,t1658,t1925,t2559,t3919,t749",8,0,
G0131,incomplete_sampling,internal_11,11,,phantom_131_a|phantom_131_b,,0,2,
G0132,data_insufficient,internal_10,20,t2983,,,1,0,
